[
  {
    "model": "auth.user",
    "fields": {
      "password": "pbkdf2_sha256$1000000$XInv66h0F68pB9DK3w0pAn$bcUAjYXBaXqqjI7dt3mfm2vz7gA2ujGZ6Bktt4Dm95Y=",
      "last_login": "2025-08-18T20:53:38.581Z",
      "is_superuser": true,
      "username": "Zefir",
      "first_name": "",
      "last_name": "",
      "email": "zefir.kulev1@gmail.com",
      "is_staff": true,
      "is_active": true,
      "date_joined": "2025-06-17T11:32:58.635Z",
      "groups": [],
      "user_permissions": []
    }
  },
  {
    "model": "auth.user",
    "fields": {
      "password": "pbkdf2_sha256$1000000$ctCCDQVCzGRqyKDGWbrbz9$k3p6KJPm/imgBErlLkf0Dl2ci+3KSiqKe+QjW4jamFE=",
      "last_login": "2025-08-13T10:41:44.672Z",
      "is_superuser": false,
      "username": "Tarek",
      "first_name": "",
      "last_name": "",
      "email": "",
      "is_staff": false,
      "is_active": true,
      "date_joined": "2025-07-01T16:10:24.125Z",
      "groups": [],
      "user_permissions": []
    }
  },
  {
    "model": "auth.user",
    "fields": {
      "password": "pbkdf2_sha256$1000000$AeZXWNiFl1eq13vgvFQw4I$9IfNrQjH7c/qfhGEZjkf1OK1xlMwgTPWoi4oSBRSaoA=",
      "last_login": "2025-08-13T14:24:03.317Z",
      "is_superuser": false,
      "username": "Test",
      "first_name": "",
      "last_name": "",
      "email": "",
      "is_staff": false,
      "is_active": true,
      "date_joined": "2025-08-13T14:24:02.702Z",
      "groups": [],
      "user_permissions": []
    }
  },
  {
    "model": "auth.user",
    "fields": {
      "password": "pbkdf2_sha256$1000000$SmBIirI8nwErRPnuqo9T6Q$rNCJ1ap9feRqjmCEAlF2YsRBOdOR1QK/BwymPMn3jJc=",
      "last_login": "2025-08-13T20:05:04.644Z",
      "is_superuser": false,
      "username": "Evy",
      "first_name": "",
      "last_name": "",
      "email": "",
      "is_staff": false,
      "is_active": true,
      "date_joined": "2025-08-13T20:05:04.051Z",
      "groups": [],
      "user_permissions": []
    }
  },
  {
    "model": "auth.user",
    "fields": {
      "password": "pbkdf2_sha256$1000000$A5piXAfme28QQlATMUl8lX$5vxtYMgEx82lBjoyrvviyRPisz/W42SrPkKc8E3GA9M=",
      "last_login": "2025-08-18T20:50:57.072Z",
      "is_superuser": true,
      "username": "ZefirKulev",
      "first_name": "",
      "last_name": "",
      "email": "zefir.kulev1@gmail.com",
      "is_staff": true,
      "is_active": true,
      "date_joined": "2025-08-18T20:49:59.786Z",
      "groups": [],
      "user_permissions": []
    }
  },
  {
    "model": "BoxersPresenceApp.boxer",
    "pk": 2,
    "fields": {
      "coach": [
        "Zefir"
      ],
      "name": "Ognyan Danielov"
    }
  },
  {
    "model": "BoxersPresenceApp.boxer",
    "pk": 3,
    "fields": {
      "coach": [
        "Zefir"
      ],
      "name": "Yesin Andries"
    }
  },
  {
    "model": "BoxersPresenceApp.boxer",
    "pk": 4,
    "fields": {
      "coach": [
        "Zefir"
      ],
      "name": "Ayman Moudian"
    }
  },
  {
    "model": "BoxersPresenceApp.boxer",
    "pk": 5,
    "fields": {
      "coach": [
        "Zefir"
      ],
      "name": "Anas Karim"
    }
  },
  {
    "model": "BoxersPresenceApp.boxer",
    "pk": 6,
    "fields": {
      "coach": [
        "Zefir"
      ],
      "name": "Malik Yangulbaev"
    }
  },
  {
    "model": "BoxersPresenceApp.boxer",
    "pk": 7,
    "fields": {
      "coach": [
        "Zefir"
      ],
      "name": "Yelde Olcas"
    }
  },
  {
    "model": "BoxersPresenceApp.boxer",
    "pk": 8,
    "fields": {
      "coach": [
        "Zefir"
      ],
      "name": "Elliot Clough"
    }
  },
  {
    "model": "BoxersPresenceApp.boxer",
    "pk": 9,
    "fields": {
      "coach": [
        "Zefir"
      ],
      "name": "Ryan Amarthi"
    }
  },
  {
    "model": "BoxersPresenceApp.boxer",
    "pk": 10,
    "fields": {
      "coach": [
        "Zefir"
      ],
      "name": "Daniel Zulfigarov"
    }
  },
  {
    "model": "BoxersPresenceApp.boxer",
    "pk": 11,
    "fields": {
      "coach": [
        "Zefir"
      ],
      "name": "Randy Penda"
    }
  },
  {
    "model": "BoxersPresenceApp.boxer",
    "pk": 12,
    "fields": {
      "coach": [
        "Zefir"
      ],
      "name": "Yahya Amghar"
    }
  },
  {
    "model": "BoxersPresenceApp.boxer",
    "pk": 13,
    "fields": {
      "coach": [
        "Zefir"
      ],
      "name": "Maysae Kerkour"
    }
  },
  {
    "model": "BoxersPresenceApp.boxer",
    "pk": 14,
    "fields": {
      "coach": [
        "Zefir"
      ],
      "name": "Sajjad Alteai"
    }
  },
  {
    "model": "BoxersPresenceApp.boxer",
    "pk": 15,
    "fields": {
      "coach": [
        "Zefir"
      ],
      "name": "Adam Filali"
    }
  },
  {
    "model": "BoxersPresenceApp.boxer",
    "pk": 16,
    "fields": {
      "coach": [
        "Zefir"
      ],
      "name": "Mykola"
    }
  },
  {
    "model": "BoxersPresenceApp.boxer",
    "pk": 20,
    "fields": {
      "coach": [
        "Evy"
      ],
      "name": "Zefir Kulev"
    }
  },
  {
    "model": "BoxersPresenceApp.boxer",
    "pk": 21,
    "fields": {
      "coach": [
        "Zefir"
      ],
      "name": "Liam"
    }
  },
  {
    "model": "BoxersPresenceApp.attendance",
    "pk": 49,
    "fields": {
      "boxer": 2,
      "date": "2025-06-10",
      "is_present": true,
      "is_excused": false
    }
  },
  {
    "model": "BoxersPresenceApp.attendance",
    "pk": 50,
    "fields": {
      "boxer": 3,
      "date": "2025-06-10",
      "is_present": false,
      "is_excused": false
    }
  },
  {
    "model": "BoxersPresenceApp.attendance",
    "pk": 51,
    "fields": {
      "boxer": 4,
      "date": "2025-06-10",
      "is_present": true,
      "is_excused": false
    }
  },
  {
    "model": "BoxersPresenceApp.attendance",
    "pk": 52,
    "fields": {
      "boxer": 5,
      "date": "2025-06-10",
      "is_present": true,
      "is_excused": false
    }
  },
  {
    "model": "BoxersPresenceApp.attendance",
    "pk": 53,
    "fields": {
      "boxer": 6,
      "date": "2025-06-10",
      "is_present": true,
      "is_excused": false
    }
  },
  {
    "model": "BoxersPresenceApp.attendance",
    "pk": 54,
    "fields": {
      "boxer": 7,
      "date": "2025-06-10",
      "is_present": false,
      "is_excused": false
    }
  },
  {
    "model": "BoxersPresenceApp.attendance",
    "pk": 55,
    "fields": {
      "boxer": 8,
      "date": "2025-06-10",
      "is_present": true,
      "is_excused": false
    }
  },
  {
    "model": "BoxersPresenceApp.attendance",
    "pk": 56,
    "fields": {
      "boxer": 9,
      "date": "2025-06-10",
      "is_present": false,
      "is_excused": false
    }
  },
  {
    "model": "BoxersPresenceApp.attendance",
    "pk": 57,
    "fields": {
      "boxer": 10,
      "date": "2025-06-10",
      "is_present": false,
      "is_excused": false
    }
  },
  {
    "model": "BoxersPresenceApp.attendance",
    "pk": 58,
    "fields": {
      "boxer": 11,
      "date": "2025-06-10",
      "is_present": true,
      "is_excused": false
    }
  },
  {
    "model": "BoxersPresenceApp.attendance",
    "pk": 59,
    "fields": {
      "boxer": 12,
      "date": "2025-06-10",
      "is_present": false,
      "is_excused": false
    }
  },
  {
    "model": "BoxersPresenceApp.attendance",
    "pk": 60,
    "fields": {
      "boxer": 13,
      "date": "2025-06-10",
      "is_present": true,
      "is_excused": false
    }
  },
  {
    "model": "BoxersPresenceApp.attendance",
    "pk": 61,
    "fields": {
      "boxer": 14,
      "date": "2025-06-10",
      "is_present": true,
      "is_excused": false
    }
  },
  {
    "model": "BoxersPresenceApp.attendance",
    "pk": 62,
    "fields": {
      "boxer": 15,
      "date": "2025-06-10",
      "is_present": true,
      "is_excused": false
    }
  },
  {
    "model": "BoxersPresenceApp.attendance",
    "pk": 63,
    "fields": {
      "boxer": 16,
      "date": "2025-06-10",
      "is_present": false,
      "is_excused": false
    }
  },
  {
    "model": "BoxersPresenceApp.attendance",
    "pk": 64,
    "fields": {
      "boxer": 2,
      "date": "2025-06-11",
      "is_present": true,
      "is_excused": false
    }
  },
  {
    "model": "BoxersPresenceApp.attendance",
    "pk": 65,
    "fields": {
      "boxer": 3,
      "date": "2025-06-11",
      "is_present": true,
      "is_excused": false
    }
  },
  {
    "model": "BoxersPresenceApp.attendance",
    "pk": 66,
    "fields": {
      "boxer": 4,
      "date": "2025-06-11",
      "is_present": true,
      "is_excused": false
    }
  },
  {
    "model": "BoxersPresenceApp.attendance",
    "pk": 67,
    "fields": {
      "boxer": 5,
      "date": "2025-06-11",
      "is_present": true,
      "is_excused": false
    }
  },
  {
    "model": "BoxersPresenceApp.attendance",
    "pk": 68,
    "fields": {
      "boxer": 6,
      "date": "2025-06-11",
      "is_present": false,
      "is_excused": true
    }
  },
  {
    "model": "BoxersPresenceApp.attendance",
    "pk": 69,
    "fields": {
      "boxer": 7,
      "date": "2025-06-11",
      "is_present": false,
      "is_excused": false
    }
  },
  {
    "model": "BoxersPresenceApp.attendance",
    "pk": 70,
    "fields": {
      "boxer": 8,
      "date": "2025-06-11",
      "is_present": false,
      "is_excused": false
    }
  },
  {
    "model": "BoxersPresenceApp.attendance",
    "pk": 71,
    "fields": {
      "boxer": 9,
      "date": "2025-06-11",
      "is_present": true,
      "is_excused": false
    }
  },
  {
    "model": "BoxersPresenceApp.attendance",
    "pk": 72,
    "fields": {
      "boxer": 10,
      "date": "2025-06-11",
      "is_present": false,
      "is_excused": false
    }
  },
  {
    "model": "BoxersPresenceApp.attendance",
    "pk": 73,
    "fields": {
      "boxer": 11,
      "date": "2025-06-11",
      "is_present": false,
      "is_excused": true
    }
  },
  {
    "model": "BoxersPresenceApp.attendance",
    "pk": 74,
    "fields": {
      "boxer": 12,
      "date": "2025-06-11",
      "is_present": true,
      "is_excused": false
    }
  },
  {
    "model": "BoxersPresenceApp.attendance",
    "pk": 75,
    "fields": {
      "boxer": 13,
      "date": "2025-06-11",
      "is_present": true,
      "is_excused": false
    }
  },
  {
    "model": "BoxersPresenceApp.attendance",
    "pk": 76,
    "fields": {
      "boxer": 14,
      "date": "2025-06-11",
      "is_present": false,
      "is_excused": false
    }
  },
  {
    "model": "BoxersPresenceApp.attendance",
    "pk": 77,
    "fields": {
      "boxer": 15,
      "date": "2025-06-11",
      "is_present": false,
      "is_excused": false
    }
  },
  {
    "model": "BoxersPresenceApp.attendance",
    "pk": 78,
    "fields": {
      "boxer": 16,
      "date": "2025-06-11",
      "is_present": false,
      "is_excused": false
    }
  },
  {
    "model": "BoxersPresenceApp.attendance",
    "pk": 79,
    "fields": {
      "boxer": 2,
      "date": "2025-06-12",
      "is_present": true,
      "is_excused": false
    }
  },
  {
    "model": "BoxersPresenceApp.attendance",
    "pk": 80,
    "fields": {
      "boxer": 3,
      "date": "2025-06-12",
      "is_present": false,
      "is_excused": true
    }
  },
  {
    "model": "BoxersPresenceApp.attendance",
    "pk": 81,
    "fields": {
      "boxer": 4,
      "date": "2025-06-12",
      "is_present": true,
      "is_excused": false
    }
  },
  {
    "model": "BoxersPresenceApp.attendance",
    "pk": 82,
    "fields": {
      "boxer": 5,
      "date": "2025-06-12",
      "is_present": true,
      "is_excused": false
    }
  },
  {
    "model": "BoxersPresenceApp.attendance",
    "pk": 83,
    "fields": {
      "boxer": 6,
      "date": "2025-06-12",
      "is_present": true,
      "is_excused": false
    }
  },
  {
    "model": "BoxersPresenceApp.attendance",
    "pk": 84,
    "fields": {
      "boxer": 7,
      "date": "2025-06-12",
      "is_present": false,
      "is_excused": false
    }
  },
  {
    "model": "BoxersPresenceApp.attendance",
    "pk": 85,
    "fields": {
      "boxer": 8,
      "date": "2025-06-12",
      "is_present": false,
      "is_excused": true
    }
  },
  {
    "model": "BoxersPresenceApp.attendance",
    "pk": 86,
    "fields": {
      "boxer": 9,
      "date": "2025-06-12",
      "is_present": false,
      "is_excused": false
    }
  },
  {
    "model": "BoxersPresenceApp.attendance",
    "pk": 87,
    "fields": {
      "boxer": 10,
      "date": "2025-06-12",
      "is_present": false,
      "is_excused": false
    }
  },
  {
    "model": "BoxersPresenceApp.attendance",
    "pk": 88,
    "fields": {
      "boxer": 11,
      "date": "2025-06-12",
      "is_present": true,
      "is_excused": false
    }
  },
  {
    "model": "BoxersPresenceApp.attendance",
    "pk": 89,
    "fields": {
      "boxer": 12,
      "date": "2025-06-12",
      "is_present": false,
      "is_excused": false
    }
  },
  {
    "model": "BoxersPresenceApp.attendance",
    "pk": 90,
    "fields": {
      "boxer": 13,
      "date": "2025-06-12",
      "is_present": true,
      "is_excused": false
    }
  },
  {
    "model": "BoxersPresenceApp.attendance",
    "pk": 91,
    "fields": {
      "boxer": 14,
      "date": "2025-06-12",
      "is_present": false,
      "is_excused": true
    }
  },
  {
    "model": "BoxersPresenceApp.attendance",
    "pk": 92,
    "fields": {
      "boxer": 15,
      "date": "2025-06-12",
      "is_present": false,
      "is_excused": true
    }
  },
  {
    "model": "BoxersPresenceApp.attendance",
    "pk": 93,
    "fields": {
      "boxer": 16,
      "date": "2025-06-12",
      "is_present": false,
      "is_excused": false
    }
  },
  {
    "model": "BoxersPresenceApp.attendance",
    "pk": 94,
    "fields": {
      "boxer": 2,
      "date": "2025-06-13",
      "is_present": true,
      "is_excused": false
    }
  },
  {
    "model": "BoxersPresenceApp.attendance",
    "pk": 95,
    "fields": {
      "boxer": 3,
      "date": "2025-06-13",
      "is_present": false,
      "is_excused": false
    }
  },
  {
    "model": "BoxersPresenceApp.attendance",
    "pk": 96,
    "fields": {
      "boxer": 4,
      "date": "2025-06-13",
      "is_present": true,
      "is_excused": false
    }
  },
  {
    "model": "BoxersPresenceApp.attendance",
    "pk": 97,
    "fields": {
      "boxer": 5,
      "date": "2025-06-13",
      "is_present": true,
      "is_excused": false
    }
  },
  {
    "model": "BoxersPresenceApp.attendance",
    "pk": 98,
    "fields": {
      "boxer": 6,
      "date": "2025-06-13",
      "is_present": true,
      "is_excused": false
    }
  },
  {
    "model": "BoxersPresenceApp.attendance",
    "pk": 99,
    "fields": {
      "boxer": 7,
      "date": "2025-06-13",
      "is_present": false,
      "is_excused": true
    }
  },
  {
    "model": "BoxersPresenceApp.attendance",
    "pk": 100,
    "fields": {
      "boxer": 8,
      "date": "2025-06-13",
      "is_present": true,
      "is_excused": false
    }
  },
  {
    "model": "BoxersPresenceApp.attendance",
    "pk": 101,
    "fields": {
      "boxer": 9,
      "date": "2025-06-13",
      "is_present": true,
      "is_excused": false
    }
  },
  {
    "model": "BoxersPresenceApp.attendance",
    "pk": 102,
    "fields": {
      "boxer": 10,
      "date": "2025-06-13",
      "is_present": false,
      "is_excused": false
    }
  },
  {
    "model": "BoxersPresenceApp.attendance",
    "pk": 103,
    "fields": {
      "boxer": 11,
      "date": "2025-06-13",
      "is_present": true,
      "is_excused": false
    }
  },
  {
    "model": "BoxersPresenceApp.attendance",
    "pk": 104,
    "fields": {
      "boxer": 12,
      "date": "2025-06-13",
      "is_present": true,
      "is_excused": false
    }
  },
  {
    "model": "BoxersPresenceApp.attendance",
    "pk": 105,
    "fields": {
      "boxer": 13,
      "date": "2025-06-13",
      "is_present": true,
      "is_excused": false
    }
  },
  {
    "model": "BoxersPresenceApp.attendance",
    "pk": 106,
    "fields": {
      "boxer": 14,
      "date": "2025-06-13",
      "is_present": false,
      "is_excused": false
    }
  },
  {
    "model": "BoxersPresenceApp.attendance",
    "pk": 107,
    "fields": {
      "boxer": 15,
      "date": "2025-06-13",
      "is_present": true,
      "is_excused": false
    }
  },
  {
    "model": "BoxersPresenceApp.attendance",
    "pk": 108,
    "fields": {
      "boxer": 16,
      "date": "2025-06-13",
      "is_present": false,
      "is_excused": false
    }
  },
  {
    "model": "BoxersPresenceApp.attendance",
    "pk": 109,
    "fields": {
      "boxer": 2,
      "date": "2025-06-17",
      "is_present": false,
      "is_excused": true
    }
  },
  {
    "model": "BoxersPresenceApp.attendance",
    "pk": 110,
    "fields": {
      "boxer": 3,
      "date": "2025-06-17",
      "is_present": true,
      "is_excused": false
    }
  },
  {
    "model": "BoxersPresenceApp.attendance",
    "pk": 111,
    "fields": {
      "boxer": 4,
      "date": "2025-06-17",
      "is_present": false,
      "is_excused": true
    }
  },
  {
    "model": "BoxersPresenceApp.attendance",
    "pk": 112,
    "fields": {
      "boxer": 5,
      "date": "2025-06-17",
      "is_present": true,
      "is_excused": false
    }
  },
  {
    "model": "BoxersPresenceApp.attendance",
    "pk": 113,
    "fields": {
      "boxer": 6,
      "date": "2025-06-17",
      "is_present": true,
      "is_excused": false
    }
  },
  {
    "model": "BoxersPresenceApp.attendance",
    "pk": 114,
    "fields": {
      "boxer": 7,
      "date": "2025-06-17",
      "is_present": false,
      "is_excused": true
    }
  },
  {
    "model": "BoxersPresenceApp.attendance",
    "pk": 115,
    "fields": {
      "boxer": 8,
      "date": "2025-06-17",
      "is_present": false,
      "is_excused": true
    }
  },
  {
    "model": "BoxersPresenceApp.attendance",
    "pk": 116,
    "fields": {
      "boxer": 9,
      "date": "2025-06-17",
      "is_present": false,
      "is_excused": false
    }
  },
  {
    "model": "BoxersPresenceApp.attendance",
    "pk": 117,
    "fields": {
      "boxer": 10,
      "date": "2025-06-17",
      "is_present": false,
      "is_excused": true
    }
  },
  {
    "model": "BoxersPresenceApp.attendance",
    "pk": 118,
    "fields": {
      "boxer": 11,
      "date": "2025-06-17",
      "is_present": true,
      "is_excused": false
    }
  },
  {
    "model": "BoxersPresenceApp.attendance",
    "pk": 119,
    "fields": {
      "boxer": 12,
      "date": "2025-06-17",
      "is_present": false,
      "is_excused": true
    }
  },
  {
    "model": "BoxersPresenceApp.attendance",
    "pk": 120,
    "fields": {
      "boxer": 13,
      "date": "2025-06-17",
      "is_present": true,
      "is_excused": false
    }
  },
  {
    "model": "BoxersPresenceApp.attendance",
    "pk": 121,
    "fields": {
      "boxer": 14,
      "date": "2025-06-17",
      "is_present": false,
      "is_excused": true
    }
  },
  {
    "model": "BoxersPresenceApp.attendance",
    "pk": 122,
    "fields": {
      "boxer": 15,
      "date": "2025-06-17",
      "is_present": true,
      "is_excused": false
    }
  },
  {
    "model": "BoxersPresenceApp.attendance",
    "pk": 123,
    "fields": {
      "boxer": 16,
      "date": "2025-06-17",
      "is_present": false,
      "is_excused": false
    }
  },
  {
    "model": "BoxersPresenceApp.attendance",
    "pk": 127,
    "fields": {
      "boxer": 2,
      "date": "2025-06-19",
      "is_present": false,
      "is_excused": true
    }
  },
  {
    "model": "BoxersPresenceApp.attendance",
    "pk": 128,
    "fields": {
      "boxer": 3,
      "date": "2025-06-19",
      "is_present": true,
      "is_excused": false
    }
  },
  {
    "model": "BoxersPresenceApp.attendance",
    "pk": 129,
    "fields": {
      "boxer": 4,
      "date": "2025-06-19",
      "is_present": true,
      "is_excused": false
    }
  },
  {
    "model": "BoxersPresenceApp.attendance",
    "pk": 130,
    "fields": {
      "boxer": 5,
      "date": "2025-06-19",
      "is_present": true,
      "is_excused": false
    }
  },
  {
    "model": "BoxersPresenceApp.attendance",
    "pk": 131,
    "fields": {
      "boxer": 6,
      "date": "2025-06-19",
      "is_present": false,
      "is_excused": true
    }
  },
  {
    "model": "BoxersPresenceApp.attendance",
    "pk": 132,
    "fields": {
      "boxer": 7,
      "date": "2025-06-19",
      "is_present": false,
      "is_excused": false
    }
  },
  {
    "model": "BoxersPresenceApp.attendance",
    "pk": 133,
    "fields": {
      "boxer": 8,
      "date": "2025-06-19",
      "is_present": false,
      "is_excused": true
    }
  },
  {
    "model": "BoxersPresenceApp.attendance",
    "pk": 134,
    "fields": {
      "boxer": 9,
      "date": "2025-06-19",
      "is_present": true,
      "is_excused": false
    }
  },
  {
    "model": "BoxersPresenceApp.attendance",
    "pk": 135,
    "fields": {
      "boxer": 10,
      "date": "2025-06-19",
      "is_present": false,
      "is_excused": false
    }
  },
  {
    "model": "BoxersPresenceApp.attendance",
    "pk": 136,
    "fields": {
      "boxer": 11,
      "date": "2025-06-19",
      "is_present": true,
      "is_excused": false
    }
  },
  {
    "model": "BoxersPresenceApp.attendance",
    "pk": 137,
    "fields": {
      "boxer": 12,
      "date": "2025-06-19",
      "is_present": false,
      "is_excused": true
    }
  },
  {
    "model": "BoxersPresenceApp.attendance",
    "pk": 138,
    "fields": {
      "boxer": 13,
      "date": "2025-06-19",
      "is_present": true,
      "is_excused": false
    }
  },
  {
    "model": "BoxersPresenceApp.attendance",
    "pk": 139,
    "fields": {
      "boxer": 14,
      "date": "2025-06-19",
      "is_present": true,
      "is_excused": false
    }
  },
  {
    "model": "BoxersPresenceApp.attendance",
    "pk": 140,
    "fields": {
      "boxer": 15,
      "date": "2025-06-19",
      "is_present": false,
      "is_excused": true
    }
  },
  {
    "model": "BoxersPresenceApp.attendance",
    "pk": 141,
    "fields": {
      "boxer": 16,
      "date": "2025-06-19",
      "is_present": false,
      "is_excused": false
    }
  },
  {
    "model": "BoxersPresenceApp.attendance",
    "pk": 158,
    "fields": {
      "boxer": 2,
      "date": "2025-06-20",
      "is_present": false,
      "is_excused": true
    }
  },
  {
    "model": "BoxersPresenceApp.attendance",
    "pk": 159,
    "fields": {
      "boxer": 3,
      "date": "2025-06-20",
      "is_present": false,
      "is_excused": false
    }
  },
  {
    "model": "BoxersPresenceApp.attendance",
    "pk": 160,
    "fields": {
      "boxer": 4,
      "date": "2025-06-20",
      "is_present": false,
      "is_excused": true
    }
  },
  {
    "model": "BoxersPresenceApp.attendance",
    "pk": 162,
    "fields": {
      "boxer": 6,
      "date": "2025-06-20",
      "is_present": false,
      "is_excused": false
    }
  },
  {
    "model": "BoxersPresenceApp.attendance",
    "pk": 163,
    "fields": {
      "boxer": 7,
      "date": "2025-06-20",
      "is_present": true,
      "is_excused": false
    }
  },
  {
    "model": "BoxersPresenceApp.attendance",
    "pk": 164,
    "fields": {
      "boxer": 8,
      "date": "2025-06-20",
      "is_present": true,
      "is_excused": false
    }
  },
  {
    "model": "BoxersPresenceApp.attendance",
    "pk": 166,
    "fields": {
      "boxer": 10,
      "date": "2025-06-20",
      "is_present": true,
      "is_excused": false
    }
  },
  {
    "model": "BoxersPresenceApp.attendance",
    "pk": 167,
    "fields": {
      "boxer": 11,
      "date": "2025-06-20",
      "is_present": true,
      "is_excused": false
    }
  },
  {
    "model": "BoxersPresenceApp.attendance",
    "pk": 168,
    "fields": {
      "boxer": 12,
      "date": "2025-06-20",
      "is_present": false,
      "is_excused": false
    }
  },
  {
    "model": "BoxersPresenceApp.attendance",
    "pk": 169,
    "fields": {
      "boxer": 13,
      "date": "2025-06-20",
      "is_present": true,
      "is_excused": false
    }
  },
  {
    "model": "BoxersPresenceApp.attendance",
    "pk": 170,
    "fields": {
      "boxer": 14,
      "date": "2025-06-20",
      "is_present": false,
      "is_excused": false
    }
  },
  {
    "model": "BoxersPresenceApp.attendance",
    "pk": 171,
    "fields": {
      "boxer": 15,
      "date": "2025-06-20",
      "is_present": true,
      "is_excused": false
    }
  },
  {
    "model": "BoxersPresenceApp.attendance",
    "pk": 172,
    "fields": {
      "boxer": 16,
      "date": "2025-06-20",
      "is_present": false,
      "is_excused": false
    }
  },
  {
    "model": "BoxersPresenceApp.attendance",
    "pk": 173,
    "fields": {
      "boxer": 5,
      "date": "2025-06-20",
      "is_present": true,
      "is_excused": false
    }
  },
  {
    "model": "BoxersPresenceApp.attendance",
    "pk": 174,
    "fields": {
      "boxer": 9,
      "date": "2025-06-20",
      "is_present": true,
      "is_excused": false
    }
  },
  {
    "model": "BoxersPresenceApp.attendance",
    "pk": 175,
    "fields": {
      "boxer": 2,
      "date": "2025-06-24",
      "is_present": true,
      "is_excused": false
    }
  },
  {
    "model": "BoxersPresenceApp.attendance",
    "pk": 176,
    "fields": {
      "boxer": 3,
      "date": "2025-06-24",
      "is_present": false,
      "is_excused": true
    }
  },
  {
    "model": "BoxersPresenceApp.attendance",
    "pk": 177,
    "fields": {
      "boxer": 4,
      "date": "2025-06-24",
      "is_present": true,
      "is_excused": false
    }
  },
  {
    "model": "BoxersPresenceApp.attendance",
    "pk": 178,
    "fields": {
      "boxer": 5,
      "date": "2025-06-24",
      "is_present": false,
      "is_excused": false
    }
  },
  {
    "model": "BoxersPresenceApp.attendance",
    "pk": 179,
    "fields": {
      "boxer": 6,
      "date": "2025-06-24",
      "is_present": true,
      "is_excused": false
    }
  },
  {
    "model": "BoxersPresenceApp.attendance",
    "pk": 180,
    "fields": {
      "boxer": 7,
      "date": "2025-06-24",
      "is_present": false,
      "is_excused": false
    }
  },
  {
    "model": "BoxersPresenceApp.attendance",
    "pk": 181,
    "fields": {
      "boxer": 8,
      "date": "2025-06-24",
      "is_present": false,
      "is_excused": false
    }
  },
  {
    "model": "BoxersPresenceApp.attendance",
    "pk": 182,
    "fields": {
      "boxer": 9,
      "date": "2025-06-24",
      "is_present": true,
      "is_excused": false
    }
  },
  {
    "model": "BoxersPresenceApp.attendance",
    "pk": 183,
    "fields": {
      "boxer": 10,
      "date": "2025-06-24",
      "is_present": false,
      "is_excused": false
    }
  },
  {
    "model": "BoxersPresenceApp.attendance",
    "pk": 184,
    "fields": {
      "boxer": 11,
      "date": "2025-06-24",
      "is_present": false,
      "is_excused": true
    }
  },
  {
    "model": "BoxersPresenceApp.attendance",
    "pk": 185,
    "fields": {
      "boxer": 12,
      "date": "2025-06-24",
      "is_present": false,
      "is_excused": true
    }
  },
  {
    "model": "BoxersPresenceApp.attendance",
    "pk": 186,
    "fields": {
      "boxer": 13,
      "date": "2025-06-24",
      "is_present": false,
      "is_excused": true
    }
  },
  {
    "model": "BoxersPresenceApp.attendance",
    "pk": 187,
    "fields": {
      "boxer": 14,
      "date": "2025-06-24",
      "is_present": true,
      "is_excused": false
    }
  },
  {
    "model": "BoxersPresenceApp.attendance",
    "pk": 188,
    "fields": {
      "boxer": 15,
      "date": "2025-06-24",
      "is_present": false,
      "is_excused": false
    }
  },
  {
    "model": "BoxersPresenceApp.attendance",
    "pk": 189,
    "fields": {
      "boxer": 16,
      "date": "2025-06-24",
      "is_present": false,
      "is_excused": false
    }
  },
  {
    "model": "BoxersPresenceApp.attendance",
    "pk": 190,
    "fields": {
      "boxer": 2,
      "date": "2025-06-26",
      "is_present": false,
      "is_excused": true
    }
  },
  {
    "model": "BoxersPresenceApp.attendance",
    "pk": 191,
    "fields": {
      "boxer": 3,
      "date": "2025-06-26",
      "is_present": false,
      "is_excused": true
    }
  },
  {
    "model": "BoxersPresenceApp.attendance",
    "pk": 192,
    "fields": {
      "boxer": 4,
      "date": "2025-06-26",
      "is_present": true,
      "is_excused": false
    }
  },
  {
    "model": "BoxersPresenceApp.attendance",
    "pk": 193,
    "fields": {
      "boxer": 5,
      "date": "2025-06-26",
      "is_present": true,
      "is_excused": false
    }
  },
  {
    "model": "BoxersPresenceApp.attendance",
    "pk": 194,
    "fields": {
      "boxer": 6,
      "date": "2025-06-26",
      "is_present": true,
      "is_excused": false
    }
  },
  {
    "model": "BoxersPresenceApp.attendance",
    "pk": 195,
    "fields": {
      "boxer": 7,
      "date": "2025-06-26",
      "is_present": false,
      "is_excused": false
    }
  },
  {
    "model": "BoxersPresenceApp.attendance",
    "pk": 196,
    "fields": {
      "boxer": 8,
      "date": "2025-06-26",
      "is_present": true,
      "is_excused": false
    }
  },
  {
    "model": "BoxersPresenceApp.attendance",
    "pk": 197,
    "fields": {
      "boxer": 9,
      "date": "2025-06-26",
      "is_present": false,
      "is_excused": false
    }
  },
  {
    "model": "BoxersPresenceApp.attendance",
    "pk": 198,
    "fields": {
      "boxer": 10,
      "date": "2025-06-26",
      "is_present": false,
      "is_excused": false
    }
  },
  {
    "model": "BoxersPresenceApp.attendance",
    "pk": 199,
    "fields": {
      "boxer": 11,
      "date": "2025-06-26",
      "is_present": true,
      "is_excused": false
    }
  },
  {
    "model": "BoxersPresenceApp.attendance",
    "pk": 200,
    "fields": {
      "boxer": 12,
      "date": "2025-06-26",
      "is_present": true,
      "is_excused": false
    }
  },
  {
    "model": "BoxersPresenceApp.attendance",
    "pk": 201,
    "fields": {
      "boxer": 13,
      "date": "2025-06-26",
      "is_present": true,
      "is_excused": false
    }
  },
  {
    "model": "BoxersPresenceApp.attendance",
    "pk": 202,
    "fields": {
      "boxer": 14,
      "date": "2025-06-26",
      "is_present": false,
      "is_excused": false
    }
  },
  {
    "model": "BoxersPresenceApp.attendance",
    "pk": 203,
    "fields": {
      "boxer": 15,
      "date": "2025-06-26",
      "is_present": false,
      "is_excused": true
    }
  },
  {
    "model": "BoxersPresenceApp.attendance",
    "pk": 204,
    "fields": {
      "boxer": 16,
      "date": "2025-06-26",
      "is_present": false,
      "is_excused": false
    }
  },
  {
    "model": "BoxersPresenceApp.attendance",
    "pk": 207,
    "fields": {
      "boxer": 20,
      "date": "2025-08-13",
      "is_present": true,
      "is_excused": false
    }
  },
  {
    "model": "BoxersPresenceApp.batterytest",
    "pk": 1,
    "fields": {
      "coach": [
        "Zefir"
      ],
      "name": "Agility \ufffd Illinois",
      "unit": "s",
      "description": "Cone sprint agility test - \r\nMeasures boxers' agility",
      "display_order": 1,
      "created_at": "2025-08-11T11:26:54.302Z"
    }
  },
  {
    "model": "BoxersPresenceApp.batterytest",
    "pk": 2,
    "fields": {
      "coach": [
        "Zefir"
      ],
      "name": "Power - Ball",
      "unit": "cm",
      "description": "Chest pass power test -\r\nMeasures upper body explosivity",
      "display_order": 2,
      "created_at": "2025-08-11T11:53:38.168Z"
    }
  },
  {
    "model": "BoxersPresenceApp.batterytest",
    "pk": 3,
    "fields": {
      "coach": [
        "Zefir"
      ],
      "name": "Power - Jump",
      "unit": "cm",
      "description": "Jump distance power test -\r\nMeasures explosive leg power",
      "display_order": 3,
      "created_at": "2025-08-11T13:13:36.315Z"
    }
  },
  {
    "model": "BoxersPresenceApp.batterytest",
    "pk": 4,
    "fields": {
      "coach": [
        "Zefir"
      ],
      "name": "Sprint",
      "unit": "s",
      "description": "Sprinting - 10m",
      "display_order": 4,
      "created_at": "2025-08-11T13:15:31.715Z"
    }
  },
  {
    "model": "BoxersPresenceApp.batterytest",
    "pk": 5,
    "fields": {
      "coach": [
        "Zefir"
      ],
      "name": "Beep test",
      "unit": "m",
      "description": "Shuttle run endurance test - \r\nMeasures boxers' aerobic system",
      "display_order": 5,
      "created_at": "2025-08-11T13:16:13.516Z"
    }
  },
  {
    "model": "BoxersPresenceApp.batterytest",
    "pk": 6,
    "fields": {
      "coach": [
        "Evy"
      ],
      "name": "Kissing test",
      "unit": "s",
      "description": "How long can he kiss me without removing his lips from mine?",
      "display_order": 1,
      "created_at": "2025-08-13T20:06:56.251Z"
    }
  },
  {
    "model": "BoxersPresenceApp.testresult",
    "pk": 1,
    "fields": {
      "boxer": 15,
      "test": 1,
      "phase": "pre",
      "value1": "18.46",
      "value2": "17.66",
      "value3": "17.26",
      "notes": "",
      "updated_at": "2025-08-12T17:30:18.991Z"
    }
  },
  {
    "model": "BoxersPresenceApp.testresult",
    "pk": 2,
    "fields": {
      "boxer": 2,
      "test": 1,
      "phase": "pre",
      "value1": "19.68",
      "value2": "19.16",
      "value3": "19.10",
      "notes": "",
      "updated_at": "2025-08-12T17:30:18.822Z"
    }
  },
  {
    "model": "BoxersPresenceApp.testresult",
    "pk": 3,
    "fields": {
      "boxer": 11,
      "test": 2,
      "phase": "pre",
      "value1": "478.00",
      "value2": "539.00",
      "value3": null,
      "notes": "",
      "updated_at": "2025-08-12T17:36:48.010Z"
    }
  },
  {
    "model": "BoxersPresenceApp.testresult",
    "pk": 5,
    "fields": {
      "boxer": 15,
      "test": 2,
      "phase": "pre",
      "value1": "462.00",
      "value2": "525.00",
      "value3": null,
      "notes": "",
      "updated_at": "2025-08-12T17:36:48.026Z"
    }
  },
  {
    "model": "BoxersPresenceApp.testresult",
    "pk": 6,
    "fields": {
      "boxer": 2,
      "test": 2,
      "phase": "pre",
      "value1": "330.00",
      "value2": "363.00",
      "value3": null,
      "notes": "",
      "updated_at": "2025-08-12T17:36:47.861Z"
    }
  },
  {
    "model": "BoxersPresenceApp.testresult",
    "pk": 7,
    "fields": {
      "boxer": 2,
      "test": 3,
      "phase": "pre",
      "value1": "206.00",
      "value2": "200.50",
      "value3": "216.00",
      "notes": "",
      "updated_at": "2025-08-12T17:33:29.571Z"
    }
  },
  {
    "model": "BoxersPresenceApp.testresult",
    "pk": 8,
    "fields": {
      "boxer": 2,
      "test": 4,
      "phase": "pre",
      "value1": "2.19",
      "value2": "2.36",
      "value3": "2.50",
      "notes": "",
      "updated_at": "2025-08-12T17:40:38.911Z"
    }
  },
  {
    "model": "BoxersPresenceApp.testresult",
    "pk": 9,
    "fields": {
      "boxer": 2,
      "test": 5,
      "phase": "pre",
      "value1": "680.00",
      "value2": null,
      "value3": null,
      "notes": "",
      "updated_at": "2025-08-12T17:38:32.336Z"
    }
  },
  {
    "model": "BoxersPresenceApp.testresult",
    "pk": 20,
    "fields": {
      "boxer": 2,
      "test": 1,
      "phase": "mid",
      "value1": "19.68",
      "value2": "19.16",
      "value3": "19.10",
      "notes": "",
      "updated_at": "2025-08-12T17:24:54.171Z"
    }
  },
  {
    "model": "BoxersPresenceApp.testresult",
    "pk": 21,
    "fields": {
      "boxer": 5,
      "test": 1,
      "phase": "mid",
      "value1": "18.70",
      "value2": "17.78",
      "value3": "17.86",
      "notes": "",
      "updated_at": "2025-08-12T17:24:54.199Z"
    }
  },
  {
    "model": "BoxersPresenceApp.testresult",
    "pk": 22,
    "fields": {
      "boxer": 6,
      "test": 1,
      "phase": "mid",
      "value1": "17.56",
      "value2": "17.31",
      "value3": "17.20",
      "notes": "",
      "updated_at": "2025-08-12T17:24:54.230Z"
    }
  },
  {
    "model": "BoxersPresenceApp.testresult",
    "pk": 23,
    "fields": {
      "boxer": 7,
      "test": 1,
      "phase": "mid",
      "value1": "18.97",
      "value2": "18.52",
      "value3": "18.22",
      "notes": "",
      "updated_at": "2025-08-12T17:24:54.258Z"
    }
  },
  {
    "model": "BoxersPresenceApp.testresult",
    "pk": 24,
    "fields": {
      "boxer": 8,
      "test": 1,
      "phase": "mid",
      "value1": "17.50",
      "value2": "17.12",
      "value3": "16.80",
      "notes": "",
      "updated_at": "2025-08-12T17:24:54.289Z"
    }
  },
  {
    "model": "BoxersPresenceApp.testresult",
    "pk": 25,
    "fields": {
      "boxer": 11,
      "test": 1,
      "phase": "mid",
      "value1": "17.38",
      "value2": "16.79",
      "value3": "16.73",
      "notes": "",
      "updated_at": "2025-08-12T17:24:54.320Z"
    }
  },
  {
    "model": "BoxersPresenceApp.testresult",
    "pk": 26,
    "fields": {
      "boxer": 15,
      "test": 1,
      "phase": "mid",
      "value1": "18.46",
      "value2": "17.66",
      "value3": "17.26",
      "notes": "",
      "updated_at": "2025-08-12T17:24:54.361Z"
    }
  },
  {
    "model": "BoxersPresenceApp.testresult",
    "pk": 27,
    "fields": {
      "boxer": 5,
      "test": 1,
      "phase": "pre",
      "value1": "18.70",
      "value2": "17.78",
      "value3": "17.86",
      "notes": "",
      "updated_at": "2025-08-12T17:30:18.855Z"
    }
  },
  {
    "model": "BoxersPresenceApp.testresult",
    "pk": 28,
    "fields": {
      "boxer": 6,
      "test": 1,
      "phase": "pre",
      "value1": "17.56",
      "value2": "17.31",
      "value3": "17.20",
      "notes": "",
      "updated_at": "2025-08-12T17:30:18.888Z"
    }
  },
  {
    "model": "BoxersPresenceApp.testresult",
    "pk": 29,
    "fields": {
      "boxer": 7,
      "test": 1,
      "phase": "pre",
      "value1": "18.97",
      "value2": "18.52",
      "value3": "18.22",
      "notes": "",
      "updated_at": "2025-08-12T17:30:18.920Z"
    }
  },
  {
    "model": "BoxersPresenceApp.testresult",
    "pk": 30,
    "fields": {
      "boxer": 8,
      "test": 1,
      "phase": "pre",
      "value1": "17.50",
      "value2": "17.12",
      "value3": "16.80",
      "notes": "",
      "updated_at": "2025-08-12T17:30:18.949Z"
    }
  },
  {
    "model": "BoxersPresenceApp.testresult",
    "pk": 31,
    "fields": {
      "boxer": 11,
      "test": 1,
      "phase": "pre",
      "value1": "17.38",
      "value2": "16.79",
      "value3": "16.73",
      "notes": "",
      "updated_at": "2025-08-12T17:30:18.976Z"
    }
  },
  {
    "model": "BoxersPresenceApp.testresult",
    "pk": 32,
    "fields": {
      "boxer": 5,
      "test": 3,
      "phase": "pre",
      "value1": "184.50",
      "value2": "177.00",
      "value3": "178.00",
      "notes": "",
      "updated_at": "2025-08-12T17:33:29.625Z"
    }
  },
  {
    "model": "BoxersPresenceApp.testresult",
    "pk": 33,
    "fields": {
      "boxer": 6,
      "test": 3,
      "phase": "pre",
      "value1": "235.00",
      "value2": "242.50",
      "value3": "236.00",
      "notes": "",
      "updated_at": "2025-08-12T17:33:29.653Z"
    }
  },
  {
    "model": "BoxersPresenceApp.testresult",
    "pk": 34,
    "fields": {
      "boxer": 7,
      "test": 3,
      "phase": "pre",
      "value1": "195.00",
      "value2": "190.00",
      "value3": "197.00",
      "notes": "",
      "updated_at": "2025-08-12T17:33:29.679Z"
    }
  },
  {
    "model": "BoxersPresenceApp.testresult",
    "pk": 35,
    "fields": {
      "boxer": 8,
      "test": 3,
      "phase": "pre",
      "value1": "231.00",
      "value2": "228.50",
      "value3": "237.00",
      "notes": "",
      "updated_at": "2025-08-12T17:33:29.705Z"
    }
  },
  {
    "model": "BoxersPresenceApp.testresult",
    "pk": 36,
    "fields": {
      "boxer": 11,
      "test": 3,
      "phase": "pre",
      "value1": "262.00",
      "value2": "273.00",
      "value3": "266.00",
      "notes": "",
      "updated_at": "2025-08-12T17:33:29.734Z"
    }
  },
  {
    "model": "BoxersPresenceApp.testresult",
    "pk": 37,
    "fields": {
      "boxer": 15,
      "test": 3,
      "phase": "pre",
      "value1": "228.50",
      "value2": "231.00",
      "value3": "230.00",
      "notes": "",
      "updated_at": "2025-08-12T17:33:29.761Z"
    }
  },
  {
    "model": "BoxersPresenceApp.testresult",
    "pk": 38,
    "fields": {
      "boxer": 5,
      "test": 2,
      "phase": "pre",
      "value1": "322.00",
      "value2": "386.00",
      "value3": null,
      "notes": "",
      "updated_at": "2025-08-12T17:36:47.894Z"
    }
  },
  {
    "model": "BoxersPresenceApp.testresult",
    "pk": 39,
    "fields": {
      "boxer": 6,
      "test": 2,
      "phase": "pre",
      "value1": "480.00",
      "value2": "453.00",
      "value3": null,
      "notes": "",
      "updated_at": "2025-08-12T17:36:47.926Z"
    }
  },
  {
    "model": "BoxersPresenceApp.testresult",
    "pk": 40,
    "fields": {
      "boxer": 7,
      "test": 2,
      "phase": "pre",
      "value1": "432.00",
      "value2": "468.00",
      "value3": null,
      "notes": "",
      "updated_at": "2025-08-12T17:36:47.957Z"
    }
  },
  {
    "model": "BoxersPresenceApp.testresult",
    "pk": 41,
    "fields": {
      "boxer": 8,
      "test": 2,
      "phase": "pre",
      "value1": "438.00",
      "value2": "504.00",
      "value3": null,
      "notes": "",
      "updated_at": "2025-08-12T17:36:47.989Z"
    }
  },
  {
    "model": "BoxersPresenceApp.testresult",
    "pk": 42,
    "fields": {
      "boxer": 5,
      "test": 5,
      "phase": "pre",
      "value1": "920.00",
      "value2": null,
      "value3": null,
      "notes": "",
      "updated_at": "2025-08-12T17:38:32.395Z"
    }
  },
  {
    "model": "BoxersPresenceApp.testresult",
    "pk": 43,
    "fields": {
      "boxer": 6,
      "test": 5,
      "phase": "pre",
      "value1": "1340.00",
      "value2": null,
      "value3": null,
      "notes": "",
      "updated_at": "2025-08-12T17:38:32.424Z"
    }
  },
  {
    "model": "BoxersPresenceApp.testresult",
    "pk": 44,
    "fields": {
      "boxer": 7,
      "test": 5,
      "phase": "pre",
      "value1": "660.00",
      "value2": null,
      "value3": null,
      "notes": "",
      "updated_at": "2025-08-12T17:38:32.450Z"
    }
  },
  {
    "model": "BoxersPresenceApp.testresult",
    "pk": 45,
    "fields": {
      "boxer": 8,
      "test": 5,
      "phase": "pre",
      "value1": "1740.00",
      "value2": null,
      "value3": null,
      "notes": "",
      "updated_at": "2025-08-12T17:38:32.479Z"
    }
  },
  {
    "model": "BoxersPresenceApp.testresult",
    "pk": 46,
    "fields": {
      "boxer": 11,
      "test": 5,
      "phase": "pre",
      "value1": "1620.00",
      "value2": null,
      "value3": null,
      "notes": "",
      "updated_at": "2025-08-12T17:38:32.512Z"
    }
  },
  {
    "model": "BoxersPresenceApp.testresult",
    "pk": 47,
    "fields": {
      "boxer": 15,
      "test": 5,
      "phase": "pre",
      "value1": "1740.00",
      "value2": null,
      "value3": null,
      "notes": "",
      "updated_at": "2025-08-12T17:38:32.538Z"
    }
  },
  {
    "model": "BoxersPresenceApp.testresult",
    "pk": 48,
    "fields": {
      "boxer": 5,
      "test": 4,
      "phase": "pre",
      "value1": "2.26",
      "value2": "2.24",
      "value3": "2.25",
      "notes": "",
      "updated_at": "2025-08-12T17:40:38.965Z"
    }
  },
  {
    "model": "BoxersPresenceApp.testresult",
    "pk": 49,
    "fields": {
      "boxer": 6,
      "test": 4,
      "phase": "pre",
      "value1": "2.17",
      "value2": "2.18",
      "value3": "2.06",
      "notes": "",
      "updated_at": "2025-08-12T17:40:38.993Z"
    }
  },
  {
    "model": "BoxersPresenceApp.testresult",
    "pk": 50,
    "fields": {
      "boxer": 7,
      "test": 4,
      "phase": "pre",
      "value1": "2.38",
      "value2": "2.37",
      "value3": "2.17",
      "notes": "",
      "updated_at": "2025-08-12T17:40:39.021Z"
    }
  },
  {
    "model": "BoxersPresenceApp.testresult",
    "pk": 51,
    "fields": {
      "boxer": 8,
      "test": 4,
      "phase": "pre",
      "value1": "2.04",
      "value2": "1.80",
      "value3": "2.13",
      "notes": "",
      "updated_at": "2025-08-12T17:40:39.047Z"
    }
  },
  {
    "model": "BoxersPresenceApp.testresult",
    "pk": 52,
    "fields": {
      "boxer": 11,
      "test": 4,
      "phase": "pre",
      "value1": "2.06",
      "value2": "2.04",
      "value3": "2.12",
      "notes": "",
      "updated_at": "2025-08-12T17:40:39.075Z"
    }
  },
  {
    "model": "BoxersPresenceApp.testresult",
    "pk": 53,
    "fields": {
      "boxer": 15,
      "test": 4,
      "phase": "pre",
      "value1": "2.05",
      "value2": "2.10",
      "value3": "2.25",
      "notes": "",
      "updated_at": "2025-08-12T17:40:39.105Z"
    }
  },
  {
    "model": "BoxersPresenceApp.testresult",
    "pk": 59,
    "fields": {
      "boxer": 20,
      "test": 6,
      "phase": "pre",
      "value1": "30.00",
      "value2": null,
      "value3": null,
      "notes": "",
      "updated_at": "2025-08-13T20:07:51.790Z"
    }
  },
  {
    "model": "BoxersPresenceApp.testresult",
    "pk": 60,
    "fields": {
      "boxer": 21,
      "test": 1,
      "phase": "pre",
      "value1": "18.70",
      "value2": "17.64",
      "value3": "17.98",
      "notes": "",
      "updated_at": "2025-08-17T19:30:15.934Z"
    }
  },
  {
    "model": "BoxersPresenceApp.testresult",
    "pk": 61,
    "fields": {
      "boxer": 21,
      "test": 5,
      "phase": "pre",
      "value1": "1620.00",
      "value2": null,
      "value3": null,
      "notes": "",
      "updated_at": "2025-08-18T18:11:31.698Z"
    }
  },
  {
    "model": "BoxersPresenceApp.weight",
    "pk": 2,
    "fields": {
      "boxer": 20,
      "phase": "pre",
      "kg": "110.00",
      "expected_kg": "250.00",
      "measured_at": "2025-08-13",
      "updated_at": "2025-08-13T20:08:34.006Z"
    }
  }
]