[
{
  "model": "BoxersPresenceApp.boxer",
  "pk": 2,
  "fields": {
    "uuid": "fc87ce34-38de-44c1-888b-64c1e4b57eb2",
    "name": "Ognyan Danielov",
    "date_of_birth": null,
    "gym": 1,
    "coaches": [],
    "shared_with_gyms": []
  }
},
{
  "model": "BoxersPresenceApp.boxer",
  "pk": 3,
  "fields": {
    "uuid": "a385ec93-ee4a-4a24-a488-5db274f66123",
    "name": "Yesin Andries",
    "date_of_birth": null,
    "gym": 1,
    "coaches": [],
    "shared_with_gyms": []
  }
},
{
  "model": "BoxersPresenceApp.boxer",
  "pk": 4,
  "fields": {
    "uuid": "42b70c2d-c35f-4574-af1d-1870e9f40a06",
    "name": "Ayman Moudian",
    "date_of_birth": null,
    "gym": 1,
    "coaches": [],
    "shared_with_gyms": []
  }
},
{
  "model": "BoxersPresenceApp.boxer",
  "pk": 5,
  "fields": {
    "uuid": "5f8b728a-9079-4155-b154-b1447c76bd15",
    "name": "Anas Karim",
    "date_of_birth": null,
    "gym": 1,
    "coaches": [],
    "shared_with_gyms": []
  }
},
{
  "model": "BoxersPresenceApp.boxer",
  "pk": 6,
  "fields": {
    "uuid": "257341fc-a935-4131-87b0-ee16812e6597",
    "name": "Malik Yangulbaev",
    "date_of_birth": null,
    "gym": 1,
    "coaches": [],
    "shared_with_gyms": []
  }
},
{
  "model": "BoxersPresenceApp.boxer",
  "pk": 7,
  "fields": {
    "uuid": "6fbcbe78-ad94-45c2-bf19-4feb622710e4",
    "name": "Yelde Olcas",
    "date_of_birth": null,
    "gym": 1,
    "coaches": [],
    "shared_with_gyms": []
  }
},
{
  "model": "BoxersPresenceApp.boxer",
  "pk": 8,
  "fields": {
    "uuid": "839f7c40-3ba1-43f6-82b5-2037108c41bf",
    "name": "Elliot Clough",
    "date_of_birth": null,
    "gym": 1,
    "coaches": [],
    "shared_with_gyms": []
  }
},
{
  "model": "BoxersPresenceApp.boxer",
  "pk": 9,
  "fields": {
    "uuid": "2a20902f-822c-412f-8a9f-b03f83618cb3",
    "name": "Ryan Amarthi",
    "date_of_birth": null,
    "gym": 1,
    "coaches": [],
    "shared_with_gyms": []
  }
},
{
  "model": "BoxersPresenceApp.boxer",
  "pk": 10,
  "fields": {
    "uuid": "28471e3d-0940-4a4a-8a91-b718c9de095e",
    "name": "Daniel Zulfigarov",
    "date_of_birth": null,
    "gym": 1,
    "coaches": [],
    "shared_with_gyms": []
  }
},
{
  "model": "BoxersPresenceApp.boxer",
  "pk": 11,
  "fields": {
    "uuid": "23312224-5eb2-4061-814f-410fdaa26705",
    "name": "Randy Penda",
    "date_of_birth": null,
    "gym": 1,
    "coaches": [],
    "shared_with_gyms": []
  }
},
{
  "model": "BoxersPresenceApp.boxer",
  "pk": 12,
  "fields": {
    "uuid": "d072a13f-8a2e-4b93-b6d4-222cddd6f7d4",
    "name": "Yahya Amghar",
    "date_of_birth": null,
    "gym": 1,
    "coaches": [],
    "shared_with_gyms": []
  }
},
{
  "model": "BoxersPresenceApp.boxer",
  "pk": 13,
  "fields": {
    "uuid": "9ac01504-79cb-4985-9943-b8cdbddcbca3",
    "name": "Maysae Kerkour",
    "date_of_birth": null,
    "gym": 1,
    "coaches": [],
    "shared_with_gyms": []
  }
},
{
  "model": "BoxersPresenceApp.boxer",
  "pk": 14,
  "fields": {
    "uuid": "9b74b19c-27c1-4128-8de8-ba0bce0086c0",
    "name": "Sajjad Alteai",
    "date_of_birth": null,
    "gym": 1,
    "coaches": [],
    "shared_with_gyms": []
  }
},
{
  "model": "BoxersPresenceApp.boxer",
  "pk": 15,
  "fields": {
    "uuid": "63d6a814-e64d-4bc4-bcd9-30dbe84829dd",
    "name": "Adam Filali",
    "date_of_birth": null,
    "gym": 1,
    "coaches": [],
    "shared_with_gyms": []
  }
},
{
  "model": "BoxersPresenceApp.boxer",
  "pk": 16,
  "fields": {
    "uuid": "e8e0e3af-2e7f-4c19-8995-1a4afc4895b1",
    "name": "Mykola",
    "date_of_birth": null,
    "gym": 1,
    "coaches": [],
    "shared_with_gyms": []
  }
},
{
  "model": "BoxersPresenceApp.boxer",
  "pk": 20,
  "fields": {
    "uuid": "881e48f9-e80e-4287-8655-ca551999b1e6",
    "name": "Zefir Kulev",
    "date_of_birth": null,
    "gym": 1,
    "coaches": [],
    "shared_with_gyms": []
  }
},
{
  "model": "BoxersPresenceApp.boxer",
  "pk": 21,
  "fields": {
    "uuid": "fff1276d-e8c5-453b-b1ce-9d60fa8297f4",
    "name": "Liam",
    "date_of_birth": null,
    "gym": 1,
    "coaches": [],
    "shared_with_gyms": []
  }
},
{
  "model": "BoxersPresenceApp.boxer",
  "pk": 22,
  "fields": {
    "uuid": "2f63bba8-6891-4872-bfdd-acd481149672",
    "name": "Kasper",
    "date_of_birth": null,
    "gym": 1,
    "coaches": [],
    "shared_with_gyms": []
  }
},
{
  "model": "BoxersPresenceApp.boxer",
  "pk": 23,
  "fields": {
    "uuid": "c428762b-fefc-46cd-ac77-851900f9234a",
    "name": "ADDALAY",
    "date_of_birth": null,
    "gym": 1,
    "coaches": [],
    "shared_with_gyms": []
  }
},
{
  "model": "BoxersPresenceApp.boxer",
  "pk": 24,
  "fields": {
    "uuid": "4800abdb-2537-4abf-8d75-a7edcdefb5b7",
    "name": "Test",
    "date_of_birth": null,
    "gym": 1,
    "coaches": [],
    "shared_with_gyms": []
  }
},
{
  "model": "BoxersPresenceApp.boxer",
  "pk": 27,
  "fields": {
    "uuid": "061951aa-df67-4139-b5b1-6144b54e9f89",
    "name": "Jitse",
    "date_of_birth": null,
    "gym": 1,
    "coaches": [],
    "shared_with_gyms": []
  }
}
]
